url,name
"/wiki/1-800-Flowers.com,_Inc.","1-800-Flowers.com, Inc."
/wiki/Above_the_Treeline,Above the Treeline
/wiki/Academy_Sports_%2B_Outdoors,Academy Sports + Outdoors
/wiki/Adafruit_Industries,Adafruit Industries
/wiki/Alibris,Alibris
/wiki/Amazon_(company),Amazon (company)
/wiki/Ambient_Weather,Ambient Weather
/wiki/AmeriMark_Direct,AmeriMark Direct
/wiki/Amway_North_America,Amway North America
/wiki/Apple_Books,Apple Books
/wiki/Appointment_Trader,Appointment Trader
/wiki/Ashford.com,Ashford.com
/wiki/ATG_Stores,ATG Stores
/wiki/AtomicPark.com,AtomicPark.com
/wiki/Audible_(service),Audible (service)
/wiki/AXS_(company),AXS (company)
/wiki/Backcountry.com,Backcountry.com
/wiki/BarkBox,BarkBox
/wiki/Barnes_%26_Noble,Barnes & Noble
/wiki/Bass_Pro_Shops,Bass Pro Shops
/wiki/BBQGuys,BBQGuys
/wiki/Bed_Bath_%26_Beyond_(online_retailer),Bed Bath & Beyond (online retailer)
/wiki/Best_Buy,Best Buy
/wiki/Better_World_Books,Better World Books
/wiki/BigCommerce,BigCommerce
/wiki/BikeBandit,BikeBandit
/wiki/BirthdayExpress.com,BirthdayExpress.com
/wiki/BJ%27s_Wholesale_Club,BJ's Wholesale Club
/wiki/Black_Phoenix_Alchemy_Lab,Black Phoenix Alchemy Lab
/wiki/Blair_Corporation,Blair Corporation
/wiki/Boats_Group,Boats Group
/wiki/Boats.com,Boats.com
/wiki/BoatTrader.com,BoatTrader.com
/wiki/Bodybuilding.com,Bodybuilding.com
/wiki/The_Bon-Ton,The Bon-Ton
/wiki/Booking_Holdings,Booking Holdings
/wiki/BookLender,BookLender
/wiki/BookRenter,BookRenter
"/wiki/Boxed,_Inc.","Boxed, Inc."
/wiki/Brandless,Brandless
/wiki/Brayola,Brayola
/wiki/Breadpig,Breadpig
/wiki/Brideside,Brideside
/wiki/Brit_%2B_Co,Brit + Co
/wiki/Bucketfeet,Bucketfeet
/wiki/Build.com,Build.com
/wiki/Builders_Square,Builders Square
/wiki/BuyWithMe,BuyWithMe
/wiki/Cabela%27s,Cabela's
/wiki/CafePress,CafePress
/wiki/Camping_World,Camping World
/wiki/Campmor,Campmor
/wiki/CardCash,CardCash
/wiki/Casper_Sleep,Casper Sleep
/wiki/Chairish,Chairish
/wiki/Chewy_(company),Chewy (company)
/wiki/Chirp_(service),Chirp (service)
/wiki/Christianbook,Christianbook
/wiki/Christmas_Lights_Etc,Christmas Lights Etc
/wiki/Circuit_City,Circuit City
/wiki/City_Sports,City Sports
/wiki/Clearly,Clearly
/wiki/ClickBank,ClickBank
/wiki/Coast_to_Coast_Tickets,Coast to Coast Tickets
/wiki/CompUSA,CompUSA
/wiki/Condomman.com,Condomman.com
/wiki/Conn%27s,Conn's
/wiki/Costco,Costco
/wiki/CPO_Commerce,CPO Commerce
/wiki/Crabtree_%26_Evelyn,Crabtree & Evelyn
/wiki/Crutchfield_Corporation,Crutchfield Corporation
/wiki/Custom_Ink,Custom Ink
/wiki/Cyberian_Outpost,Cyberian Outpost
/wiki/CyberRebate,CyberRebate
/wiki/Daniel_Smith_(art_materials),Daniel Smith (art materials)
/wiki/Delivery.com,Delivery.com
/wiki/Dell,Dell
/wiki/Dermstore,Dermstore
/wiki/Designer_Brands,Designer Brands
/wiki/Diamond%C3%A8re,Diamondère
/wiki/Diapers.com,Diapers.com
/wiki/Dick%27s_Sporting_Goods,Dick's Sporting Goods
/wiki/DirectBuy,DirectBuy
/wiki/Discount_Home_Shoppers%27_Club,Discount Home Shoppers' Club
/wiki/Displays2Go,Displays2Go
/wiki/Dorm_Company_Corporation,Dorm Company Corporation
/wiki/Dressbarn,Dressbarn
/wiki/Drizly,Drizly
/wiki/Drop_(company),Drop (company)
/wiki/Drs._Foster_%26_Smith,Drs. Foster & Smith
/wiki/Drugstore.com,Drugstore.com
/wiki/DVDEmpire.com,DVDEmpire.com
/wiki/Eastern_Mountain_Sports,Eastern Mountain Sports
/wiki/EBags.com,EBags.com
/wiki/EBay_Enterprise,EBay Enterprise
/wiki/Ecomom,Ecomom
/wiki/ECOST.com,ECOST.com
/wiki/Editorialist,Editorialist
/wiki/Endless.com,Endless.com
/wiki/Entertainment_Earth,Entertainment Earth
/wiki/Eso_Won_Books,Eso Won Books
/wiki/EToys.com,EToys.com
/wiki/Evo_(company),Evo (company)
/wiki/Expedia_Group,Expedia Group
/wiki/Eyebuydirect,Eyebuydirect
/wiki/F._H._Gillingham_%26_Sons,F. H. Gillingham & Sons
/wiki/Famous_Smoke_Shop,Famous Smoke Shop
"/wiki/Fanatics,_Inc.","Fanatics, Inc."
/wiki/FatWallet,FatWallet
/wiki/Fingerhut,Fingerhut
/wiki/Floto,Floto
/wiki/Fluide,Fluide
/wiki/Framework_Computer,Framework Computer
/wiki/Fred_Flare,Fred Flare
/wiki/FreshDirect,FreshDirect
/wiki/Freshpair,Freshpair
/wiki/Funagain_Games,Funagain Games
/wiki/Gadget_Flow,Gadget Flow
/wiki/GameFly,GameFly
/wiki/Geeknet,Geeknet
/wiki/Gemr,Gemr
/wiki/GiftTree,GiftTree
/wiki/GoAntiques,GoAntiques
/wiki/Goldstar_Events,Goldstar Events
/wiki/Google_Offers,Google Offers
/wiki/GraphicAudio,GraphicAudio
/wiki/GreenCine,GreenCine
/wiki/HauteLook,HauteLook
/wiki/Hayneedle,Hayneedle
/wiki/Headsets.com,Headsets.com
/wiki/Hims_%26_Hers_Health,Hims & Hers Health
/wiki/Home_D%C3%A9cor_Products,Home Décor Products
/wiki/Homestead_Book_Company,Homestead Book Company
/wiki/The_Honest_Company,The Honest Company
/wiki/Hukkster,Hukkster
/wiki/Hunch_(website),Hunch (website)
/wiki/Ideel,Ideel
/wiki/India_Weekly,India Weekly
/wiki/Infinite_Discs,Infinite Discs
/wiki/InPhonic,InPhonic
/wiki/IOffer,IOffer
/wiki/Jasmere.com,Jasmere.com
/wiki/JCPenney,JCPenney
/wiki/Jellyfish.com,Jellyfish.com
/wiki/JemJem,JemJem
/wiki/Jet.com,Jet.com
/wiki/Kaleidescape,Kaleidescape
/wiki/Karmaloop,Karmaloop
/wiki/Killer_Rezzy,Killer Rezzy
/wiki/Kirkland%27s,Kirkland's
/wiki/Kitchensource.com,Kitchensource.com
/wiki/Kozmo.com,Kozmo.com
/wiki/Lands%27_End,Lands' End
/wiki/Levenger_Company,Levenger Company
/wiki/Lillian_Vernon_(company),Lillian Vernon (company)
/wiki/Linens_%27n_Things,Linens 'n Things
/wiki/Live_Nation_Entertainment,Live Nation Entertainment
/wiki/Living_Direct,Living Direct
/wiki/Lot18,Lot18
/wiki/MacHeist,MacHeist
/wiki/Magazines.com,Magazines.com
/wiki/Maghound,Maghound
/wiki/MahoganyBooks,MahoganyBooks
/wiki/Market_America,Market America
/wiki/Massachusetts_Bay_Trading_Company,Massachusetts Bay Trading Company
/wiki/Mel_Bernie_Company,Mel Bernie Company
/wiki/Mervyn%27s,Mervyn's
/wiki/Metro_One_Telecommunications,Metro One Telecommunications
/wiki/Micro_Center,Micro Center
"/wiki/Micro_Electronics,_Inc.","Micro Electronics, Inc."
/wiki/Microsoft_Store,Microsoft Store
/wiki/MidwayUSA,MidwayUSA
/wiki/Minted,Minted
/wiki/Mobile17,Mobile17
/wiki/Moda_Operandi,Moda Operandi
/wiki/Modell%27s_Sporting_Goods,Modell's Sporting Goods
/wiki/MonkeySports,MonkeySports
/wiki/Monoprice,Monoprice
/wiki/Moosejaw,Moosejaw
/wiki/Motorcycle_Superstore,Motorcycle Superstore
/wiki/Munchkin_(company),Munchkin (company)
/wiki/Murse_World,Murse World
/wiki/Native_Commerce,Native Commerce
/wiki/Nebraska_Furniture_Mart,Nebraska Furniture Mart
/wiki/Newegg,Newegg
/wiki/Nine_West,Nine West
/wiki/Norm_Thompson_Outfitters,Norm Thompson Outfitters
/wiki/One_Way_Furniture,One Way Furniture
/wiki/Online_Stores_Inc.,Online Stores Inc.
/wiki/OntheBoards.tv,OntheBoards.tv
/wiki/Open_Market,Open Market
/wiki/OpenTable,OpenTable
/wiki/Opticsplanet,Opticsplanet
/wiki/Orbitz,Orbitz
/wiki/Orderzone.com,Orderzone.com
/wiki/Organized_Living,Organized Living
/wiki/Orvis,Orvis
/wiki/OverstockArt.com,OverstockArt.com
/wiki/Paizo,Paizo
/wiki/PCRUSH,PCRUSH
